{"cameraMode":{"drawMode":0,"name":"Shaded","section":"Shading Mode"},"sceneLighting":true,"audioPlay":false,"sceneViewState":{"showFog":true,"showMaterialUpdate":false,"showSkybox":true,"showFlares":true,"showImageEffects":true,"showParticleSystems":true},"in2DMode":false,"pivot":{"x":0.6840238571166992,"y":0.8509030342102051,"z":-2.2148284912109377},"rotation":{"x":-0.22911009192466737,"y":-0.24170322716236115,"z":0.05884403735399246,"w":-0.9410768151283264},"size":16.25543212890625,"orthographic":false}